codigo_municipio,municipio,n_unidades_economicas_urbanas,flag_universo_analitico_menor_30,poblacion_total_2023,poblacion_cabecera_2023,pct_poblacion_cabecera_2023,area_municipal_km2,densidad_poblacion_hab_km2_2023,ue_urbanas_visibles_por_1000_hab_total_2023,va_total_2023_miles_millones_cop,va_2023_por_habitante_millones_cop,distancia_lineal_nucleo_urbano_top5_km,nodo_mas_cercano,tramo_distancia,cluster,perfil,silueta_individual,distancia_centroide,margen_pertenencia,tipo_asignacion,region_contigua,candidato_polo_secundario,madurez_permanencia_observada,formalizacion_gestion,escala_capacidades,finanzas_redes,densidad_emprendedora,pct_operacion_menos_3_anios,pct_operacion_mas_10_anios,pct_persona_natural,pct_rut_si,pct_no_lleva_registros_contables,pct_ue_un_solo_trabajador_sociodemografico,pct_ue_ingresos_hasta_10m_2023,pct_propietarios_educacion_superior,promedio_reporte_medios_digitales,pct_solicito_credito_si,pct_asociacion_productores_comerciantes_si,pct_ciiu_primario_extractivo_sectorial_2023,pct_ciiu_manufactura_sectorial_2023,pct_ciiu_infraestructura_logistica_sectorial_2023,pct_ciiu_comercio_sectorial_2023,pct_ue_alojamiento_comidas_sectorial_2023,pct_ciiu_servicios_empresariales_conocimiento_sectorial_2023,pct_ciiu_servicios_sociales_personales_sectorial_2023
15001,TUNJA,13429,False,185748,177672,95.6522,119.68549812,1551.967472398067,72.29687533647738,5174.253033653417,27.85630549805876,0.0,TUNJA,Muy próximo,3,"Consolidados, densos y con mayores capacidades",0.4342563256746168,1.4704972738252189,2.1523854936527664,intermedia,5,False,-0.1205470822670042,1.790740562738715,1.7000601349746076,0.1658129217180582,2.277129011342577,57.0849,19.6025,83.9172,58.1781,24.7039,63.2151,20.5489,36.5389,28.80655,19.2125,1.0118,0.0244,4.7056,3.4621,56.7719,14.7263,6.9852,13.3244
15022,ALMEIDA,30,True,1846,370,20.0433,57.6721192,32.00853420347349,16.25135427952329,30.878700999735425,16.727356987939018,62.68465530531548,TUNJA,Muy lejano,5,Tradicionales maduros con rezagos de gestión,0.1035479931200064,1.2766059137057333,0.618025076465569,intermedia,1,False,1.2625377242269429,0.0412029712001785,-0.5427184431451062,-0.5470424840710231,-1.2759292171378958,46.6667,26.6667,93.3333,40.0,30.0,76.9231,41.6667,23.0769,13.541675,16.6667,0.0,0.0,0.0,4.1667,79.1667,8.3333,0.0,8.3333
15047,AQUITANIA,739,False,15450,6221,40.2654,942.2725889,16.39652918062297,47.83171521035599,542.1353335891429,35.089665604475265,25.69186494335513,SOGAMOSO,Intermedio,2,Emergentes con mayor articulación financiera,0.1500863963625835,1.6509460178727102,0.7534594324365109,intermedia,2,False,-1.2490699797475628,-1.30361620291213,-0.9708233104330198,0.5982984668682527,0.7261373021411822,65.6012,13.8508,96.347,23.7443,41.8569,76.5921,44.7674,17.2117,11.4011,21.7033,1.3736,0.0,2.1978,1.0989,64.8352,23.0769,1.9231,6.8681
15051,ARCABUCO,280,False,6292,2704,42.9752,137.89858801,45.62773332779682,44.50095359186268,191.6856462371052,30.464978740798664,26.564419028639964,TUNJA,Intermedio,3,"Consolidados, densos y con mayores capacidades",0.2490785534405755,0.9866780869954735,1.165086596575433,representativa,1,False,0.1421419385753603,1.6825040553149928,1.026213866164869,0.155439128594778,0.5149805539744851,56.2724,21.8638,85.3047,64.8746,31.1828,68.5484,15.9091,21.7742,31.37255,21.0784,0.4902,0.0,7.3529,1.4706,51.9608,29.902,1.9608,7.3529
15087,BELÉN,466,False,7629,4761,62.4066,163.08822008,46.77836324571898,61.082710709136194,139.81181873264768,18.326362397777917,23.01594685011073,DUITAMA,Próximo,3,"Consolidados, densos y con mayores capacidades",0.067318856222913,1.965207780501724,0.3030870762176145,intermedia,1,False,-0.1171631780951501,-0.8120416812649315,0.5936403510322994,0.0486436268560312,1.5661965558441482,58.3138,20.6089,94.1452,38.4075,49.1803,67.2457,16.8539,26.799,12.959575,20.5882,0.3676,0.0,7.7206,1.1029,53.3088,24.2647,2.2059,11.3971
15090,BERBEO,40,True,1619,454,28.042,58.01301639,27.907530081112544,24.70660901791229,37.99686863194199,23.46934442985917,44.19956645081328,TUNJA,Lejano,4,En transición con capacidades medias y baja densidad,0.3261546541833898,0.9226953069187618,0.9960002534345478,intermedia,1,False,-0.9715440897656824,-0.1647837406023031,-0.1715921868886144,-0.6456049795342855,-0.7399004345416469,60.0,12.5,92.5,40.0,37.5,75.6757,15.7895,16.2162,13.1579,15.7895,0.0,0.0,5.2632,0.0,52.6316,26.3158,0.0,15.7895
15092,BETÉITIVA,38,True,1857,353,19.0092,101.89954853,18.22382951435045,20.463112547119007,41.03960585288301,22.09994930149865,24.401991572145334,DUITAMA,Intermedio,2,Emergentes con mayor articulación financiera,0.0176423783602389,3.3258018146519976,0.2956954002087673,intermedia,1,False,1.6090708544372023,0.1763120986352636,-0.9379624405589474,2.9682003986434125,-1.008920862378478,51.7241,34.4828,89.6552,79.3103,75.8621,55.5556,62.5,18.5185,3.125,16.6667,8.3333,0.0,0.0,0.0,58.3333,20.8333,4.1667,16.6667
15097,BOAVITA,254,False,5171,2530,48.9267,145.30529111,35.58714180673169,49.12009282537227,122.83739063222195,23.75505523732778,70.07661587507008,DUITAMA,Muy lejano,5,Tradicionales maduros con rezagos de gestión,-0.0293166741049397,1.6802666659400136,0.2507963595845048,fronteriza,3,True,0.9916012926831064,0.3842937557527613,0.4111277065240359,-0.969910646036355,0.8078152061037798,46.9136,23.8683,81.07,27.572,37.4486,70.5628,18.4713,16.4502,25.403225000000003,12.9032,0.0,0.0,6.4516,2.1505,57.5269,24.7312,1.6129,7.5269
15104,BOYACÁ,94,False,5250,905,17.2381,48.02286795,109.32291685424006,17.904761904761905,148.51998087177094,28.28952016605161,8.749435470863046,TUNJA,Muy próximo,4,En transición con capacidades medias y baja densidad,0.1963862396083531,1.605468336481054,0.6044115247402038,intermedia,1,False,-1.297832549966875,-0.5430018517834693,0.0228539309301444,-1.2573733551029436,-1.1711098942536189,70.1299,16.8831,90.9091,48.0519,59.7403,73.9726,35.8491,23.2877,21.551725,10.3448,0.0,0.0,0.0,0.0,72.4138,20.6897,0.0,6.8966
15106,BRICEÑO,90,False,2259,560,24.7897,64.59970297,34.96920103563133,39.8406374501992,106.86117945070455,47.30463897773553,13.037100216774087,CHIQUINQUIRÁ,Muy próximo,2,Emergentes con mayor articulación financiera,0.2948546010159616,1.3683871857025514,1.4980805434722115,intermedia,4,False,-0.1293304567194854,-0.7611230362384106,-0.8925677790820775,1.8987420891341211,0.2195354532387637,59.5238,21.4286,91.6667,41.6667,57.1429,77.6119,38.4615,16.4179,11.111125,31.4815,1.8519,0.0,3.7037,0.0,59.2593,29.6296,0.0,7.4074
15109,BUENAVISTA,115,False,4512,899,19.9246,110.15675654,40.95981165133168,25.48758865248227,123.08966353488177,27.28051053521316,21.945081332984746,CHIQUINQUIRÁ,Próximo,5,Tradicionales maduros con rezagos de gestión,0.2024900216104041,1.596855632649428,0.9587288984817448,intermedia,4,False,2.0586275622938577,0.8716142710993937,-0.4403941915920363,-0.6226989023184493,-0.6903895001341553,40.5405,30.6306,91.8919,63.0631,35.1351,78.4946,16.2791,11.828,14.534875000000001,11.6279,1.1628,1.1628,2.3256,1.1628,63.9535,16.2791,1.1628,13.9535
15114,BUSBANZÁ,28,True,1254,510,40.6699,25.35271464,49.46215889723753,22.32854864433812,19.24723763389576,15.348674349199172,19.5487639334726,DUITAMA,Próximo,1,Emergentes vulnerables de baja capacidad,0.2248666260966593,2.0091058473171604,0.7296272036823432,intermedia,1,False,0.8737431895830793,-0.3534790981379916,-2.6771565265535977,-1.828343689058844,-0.8906597961963397,50.0,25.0,89.2857,53.5714,64.2857,88.4615,77.7778,7.6923,11.8421,5.2632,0.0,0.0,5.2632,0.0,68.4211,15.7895,0.0,10.5263
15131,CALDAS,61,False,2948,293,9.9389,78.96557426,37.33272413486783,20.691994572591582,61.55453816986093,20.880101143100724,9.90371345668193,CHIQUINQUIRÁ,Muy próximo,5,Tradicionales maduros con rezagos de gestión,0.0885443787255386,1.7641536948676575,0.4615140827850024,intermedia,4,False,1.0565106167545038,-0.4163795788414655,-0.866924843804222,0.9923854612521728,-0.994410672293347,51.6667,28.3333,91.6667,53.3333,60.0,75.0,35.0,13.4615,10.714299999999998,21.4286,2.381,0.0,0.0,2.381,61.9048,16.6667,2.381,16.6667
15135,CAMPOHERMOSO,94,False,3177,881,27.7306,298.72837925,10.635079291684002,29.587661315706644,59.94769946698194,18.869279026434352,62.48100752109457,TUNJA,Muy lejano,5,Tradicionales maduros con rezagos de gestión,0.0046526992690541,1.5735698667795588,0.3105112346802305,intermedia,1,False,1.1496934109486052,1.030666819353676,-0.4819276396951487,-0.1106133089196541,-0.4304615587267902,46.8085,25.5319,80.8511,41.4894,35.1064,81.3953,36.3636,13.9535,27.23215,7.1429,3.5714,0.0,3.5714,0.0,66.0714,16.0714,3.5714,10.7143
15162,CERINZA,149,False,3620,1692,46.7403,63.57858188,56.93741340177246,41.16022099447514,53.27656442325405,14.717282989849185,13.851959432845746,DUITAMA,Muy próximo,2,Emergentes con mayor articulación financiera,0.1632377971059681,1.1838283899973223,0.7980790423503867,representativa,1,False,0.2151214077104571,-0.6703287237232093,-0.3964337604888528,1.0620478791449213,0.303191686274629,55.0,21.6667,91.6667,50.0,63.3333,54.6296,53.4091,19.4444,9.239125,22.8261,2.1739,0.0,6.5217,2.1739,56.5217,25.0,0.0,9.7826
15172,CHINAVITA,111,False,3121,1265,40.5319,136.37345647,22.88568524100268,35.56552387055431,53.85398767877635,17.25536292174827,35.32727031775389,TUNJA,Intermedio,4,En transición con capacidades medias y baja densidad,0.358020742571328,1.0709935028581694,1.0109306400767166,intermedia,1,False,-0.9823967373992892,0.3012458645470314,0.7441636260935275,-0.890162639759179,-0.0514893707861557,64.8649,16.2162,83.7838,22.5225,27.9279,70.0935,24.2424,24.2991,27.848075,8.8608,1.2658,0.0,2.5316,2.5316,63.2911,17.7215,3.7975,10.1266
15176,CHIQUINQUIRÁ,4778,False,57965,51192,88.3154,165.01367073,351.2739262363538,82.42905201414646,1323.0726186621564,22.825370804143127,0.0,CHIQUINQUIRÁ,Muy próximo,3,"Consolidados, densos y con mayores capacidades",0.3366913400618267,1.9776343139840007,1.4869627172385684,intermedia,5,False,0.3303906085395497,0.3151056179217935,0.6214588449526606,0.4497899467964694,2.9194678287554123,53.266,21.5728,86.098,46.9703,47.2712,71.0559,24.7541,25.9876,23.7043,19.8023,1.5279,0.0,4.7034,2.9359,63.8706,12.7022,4.284,11.5039
15180,CHISCAS,156,False,4074,992,24.3495,658.81489816,6.18383101441429,38.291605301914586,82.5022518725111,20.250920930906013,114.15475934531514,DUITAMA,Muy lejano,5,Tradicionales maduros con rezagos de gestión,0.3368910789920463,1.329248806468556,1.6206107041118365,intermedia,3,True,2.3378354627918503,-0.9535124576403358,0.077803026752811,-0.941292465924074,0.1213331113415331,44.1379,36.5517,88.9655,15.1724,41.3793,74.4681,22.8571,21.2766,17.10525,13.1579,0.0,0.0,9.6491,0.8772,58.7719,21.0526,2.6316,7.0175
15183,CHITA,198,False,8209,2245,27.348,677.37700249,12.11880528837586,24.11986843708125,101.93918091953628,12.417977941227468,68.3168551583039,SOGAMOSO,Muy lejano,4,En transición con capacidades medias y baja densidad,0.0080034969109335,1.8339831371634472,0.031265176527224,intermedia,2,False,-0.6140061955902935,-1.60699919231455,-0.0024249892511835,-0.7212459644246965,-0.7770974024596828,62.5,18.4211,90.1316,32.8947,74.3421,60.0,37.1429,15.0,19.18605,15.1163,0.0,0.0,3.4884,0.0,61.6279,29.0698,0.0,5.814
15185,CHITARAQUE,141,False,5967,1344,22.5239,158.53472166,37.63844246560113,23.629964806435392,150.46129094346367,25.215567444857324,41.02274787025362,DUITAMA,Lejano,4,En transición con capacidades medias y baja densidad,0.477406307781022,0.428453467646285,1.6046484195007302,representativa,1,False,-0.0956939685532341,0.4206216148368757,0.2909028693553313,-0.5358457786172831,-0.8081553013461943,58.0153,20.6107,93.1298,56.4885,37.4046,62.6168,20.9302,18.6916,13.63635,12.5,1.1364,0.0,4.5455,3.4091,61.3636,17.0455,1.1364,12.5
15187,CHIVATÁ,68,False,2857,553,19.356,49.53234019,57.67948756390062,23.80119005950297,60.82061397607646,21.28827930559204,13.66222599466738,TUNJA,Muy próximo,4,En transición con capacidades medias y baja densidad,0.2712515493987782,1.4530069870510476,0.7355119286751874,intermedia,1,False,0.5888685367706561,0.5427223174560737,0.8939541313646462,0.3892899867953787,-0.7973003162758052,53.0303,24.2424,90.9091,66.6667,50.0,63.2653,4.1667,26.5306,8.85415,25.0,0.0,0.0,8.3333,2.0833,52.0833,27.0833,4.1667,6.25
15189,CIÉNEGA,161,False,4576,1318,28.8024,53.99242243,84.75263368545252,35.18356643356643,102.53125836989516,22.40630646195261,17.529870340174053,TUNJA,Próximo,4,En transición con capacidades medias y baja densidad,0.2576753100414727,1.0902917374784185,0.5757807221670279,intermedia,1,False,-0.3437421222497119,1.0322246704362337,0.0747645656066439,-0.1241855581402853,-0.0757039197603719,54.375,15.0,85.0,45.625,29.375,66.6667,26.3736,21.5278,11.827974999999999,20.4301,0.0,1.0753,9.6774,2.1505,49.4624,25.8065,2.1505,9.6774
15204,CÓMBITA,215,False,13419,1649,12.2885,138.28453144,97.03905317726982,16.0220582755794,230.5438284417088,17.1804030435732,19.106369330790265,TUNJA,Próximo,2,Emergentes con mayor articulación financiera,-0.0868120755591819,1.5335943582424625,0.1972256168288901,fronteriza,1,False,-0.6505582121697823,-0.3163851038388922,0.7966402718355718,0.8619706972922495,-1.2904656517754225,57.1429,13.7931,93.1034,51.7241,52.2167,65.4321,12.8,26.5432,14.200000000000001,23.2,1.6,0.0,4.8,1.6,48.0,32.0,3.2,10.4
15212,COPER,83,False,3536,951,26.8948,149.86972667,23.593824307066107,23.47285067873303,134.91699232966832,38.15525801178403,31.79228042042157,CHIQUINQUIRÁ,Intermedio,1,Emergentes vulnerables de baja capacidad,0.4003652543653642,1.1377144870700964,1.3767795463182544,intermedia,4,False,0.3096456944401449,-1.806857032640651,-2.0367448744355627,-1.1232488101479765,-0.818115698425492,55.8442,23.3766,96.1039,33.7662,66.2338,86.7647,53.8462,13.2353,3.846175,11.5385,0.0,0.0,0.0,0.0,71.1538,15.3846,0.0,13.4615
15215,CORRALES,126,False,2546,1632,64.1005,60.85143188,41.83960707811696,49.48939512961508,102.6339039844481,40.31182403159784,17.99010192662795,SOGAMOSO,Próximo,2,Emergentes con mayor articulación financiera,0.1492415134980504,1.298768319664072,0.7862499731874997,intermedia,1,False,-0.1843503017034671,-0.763604336701896,-0.2962334329626609,0.6568199704912617,0.8312274711008937,58.7156,20.1835,88.9908,43.1193,65.1376,55.102,53.2468,23.4694,7.142875,27.381,0.0,0.0,5.9524,2.381,51.1905,25.0,5.9524,9.5238
15218,COVARACHÍA,83,True,2863,578,20.1886,102.43132245,27.95043480374396,28.990569332867626,75.0769564921125,26.22317725885872,78.71693220791876,DUITAMA,Muy lejano,5,Tradicionales maduros con rezagos de gestión,0.1991799844499203,0.7690141669701756,1.0803487968217982,representativa,3,False,1.274138351308062,0.062063627623059,-0.621110392190139,-0.0363197676110201,-0.4683147634571021,47.2727,27.2727,89.0909,50.9091,50.9091,85.7143,27.5862,23.8095,9.0909,21.2121,0.0,0.0,3.0303,0.0,57.5758,18.1818,3.0303,18.1818
15223,CUBARÁ,190,False,12624,2929,23.2018,1177.61461024,10.719975695127632,15.050697084917616,240.16894308245992,19.024789534415397,147.81649181868332,DUITAMA,Muy lejano,2,Emergentes con mayor articulación financiera,0.0573934451012539,1.6581529622065765,0.6040769692155417,intermedia,3,False,-0.1192324334343243,-1.231719208043663,0.0299353906994659,1.091977724267687,-1.3520460030009946,57.2368,19.7368,93.4211,37.5,61.1842,74.6032,39.8058,26.9841,20.370375,27.7778,0.9259,0.0,2.7778,0.9259,65.7407,17.5926,3.7037,9.2593
15224,CUCAITA,120,False,3793,1585,41.7875,42.1280665,90.03498890697962,31.637226469812813,76.1673260187676,20.08102452379847,7.583508463349145,TUNJA,Muy próximo,4,En transición con capacidades medias y baja densidad,0.3944844427801647,0.7583612815336791,1.1501345187601673,representativa,1,False,-0.3339491543510718,-0.5622722841420067,0.2981988237171292,-0.621953126712789,-0.3005274587618083,54.4643,15.1786,94.6429,58.0357,61.6071,73.1183,28.7671,26.8817,18.666700000000002,16.0,0.0,0.0,4.0,0.0,64.0,26.6667,1.3333,4.0
15226,CUÍTIVA,49,True,1839,297,16.1501,44.14603676,41.6571936003616,26.64491571506253,36.832710882586376,20.028662796403683,10.67751054295541,SOGAMOSO,Muy próximo,1,Emergentes vulnerables de baja capacidad,0.3464317568096281,1.4535997183281604,1.2251183282169047,intermedia,2,False,0.4300090929182613,-0.742209830416628,-2.933695703176586,-0.3768053239292203,-0.6170196685187936,58.5366,26.8293,92.6829,31.7073,43.9024,93.3333,59.0909,3.3333,2.272725,18.1818,0.0,0.0,0.0,0.0,50.0,27.2727,9.0909,13.6364
15232,CHÍQUIZA,49,True,4796,445,9.2786,116.51181273,41.16320815567487,10.216847372810676,98.9594490587454,20.63374667613541,15.746359234726077,TUNJA,Próximo,4,En transición con capacidades medias y baja densidad,0.1491049761941149,1.7350890685650495,0.3499620932037264,intermedia,1,False,0.5492954164278012,0.5648585724546445,-0.5449325046531346,-0.0119937527138514,-1.6584924267461882,54.5455,25.0,79.5455,38.6364,47.7273,69.4444,23.0769,13.8889,5.357125,21.4286,0.0,0.0,0.0,0.0,60.7143,17.8571,0.0,21.4286
15236,CHIVOR,66,False,2651,760,28.6684,108.67964081,24.392793169372272,24.89626556016597,38.69315645965334,14.595683311826985,71.99885023444409,TUNJA,Muy lejano,4,En transición con capacidades medias y baja densidad,0.3919091638138115,1.215349013328648,1.2038418345869657,intermedia,1,False,-1.128234533336732,0.8039357956827788,0.7507379187343226,-0.7098863334496215,-0.7278769806539614,63.6364,13.6364,81.8182,30.303,27.2727,58.0645,28.8889,11.2903,36.413025,15.2174,0.0,0.0,0.0,0.0,69.5652,23.913,0.0,6.5217
15238,DUITAMA,8964,False,132756,117982,88.8713,234.02439265,567.2741994828973,67.52237187019796,3237.0053906645626,24.383119336712184,0.0,DUITAMA,Muy próximo,3,"Consolidados, densos y con mayores capacidades",0.4423051744809659,1.2046439660741357,2.150416690821729,intermedia,1,False,-0.1118041617994577,1.803309554960247,1.5653793422307245,0.214165864038818,1.9744448983599612,57.3903,19.9399,85.6645,64.3295,26.5304,63.5318,20.6702,35.7778,26.570075000000003,21.4126,0.5404,0.1118,7.2866,3.7085,54.6403,14.741,6.7835,12.7283
15244,EL COCUY,259,False,4300,2361,54.907,238.34461947,18.041103715962983,60.23255813953488,76.91559021639912,17.887346561953287,88.19463409287908,DUITAMA,Muy lejano,5,Tradicionales maduros con rezagos de gestión,0.1361683619782018,2.0020638872901446,0.6817797270454875,intermedia,3,True,0.8131482716640596,-1.199085195778476,0.1757227251360419,-0.4644622613689646,1.5123003385208025,51.4706,25.4902,94.6078,26.9608,46.5686,66.4921,25.0,16.2304,20.10135,14.8649,0.6757,0.0,4.7297,0.6757,56.0811,26.3514,2.7027,9.4595
15248,EL ESPINO,146,False,3119,1448,46.4251,69.40066628,44.94193164394502,46.80987495992305,45.28272563459598,14.518347430136574,94.45421259760614,DUITAMA,Muy lejano,5,Tradicionales maduros con rezagos de gestión,0.3406453634684999,1.631898088478661,1.56199195072202,intermedia,3,True,2.345708703604016,-1.344781688146087,-0.7759100904512022,-1.002562562568074,0.6613567837068227,43.7037,36.2963,94.0741,17.037,41.4815,82.4,35.2381,16.8,15.990975,12.6126,0.0,0.0,5.4054,0.9009,64.8649,19.8198,0.9009,8.1081
15272,FIRAVITOBA,157,False,7040,2743,38.9631,109.34358224,64.38420852673173,22.301136363636363,127.65481525702896,18.132786258100705,14.763586428839334,SOGAMOSO,Muy próximo,4,En transición con capacidades medias y baja densidad,0.2719547300315367,0.8880205259341521,0.7849497810774922,intermedia,1,False,-0.4372322784910575,-0.0573143064103671,-0.4268674990993272,-0.1725117429313811,-0.8923976233709648,61.8321,19.8473,94.6565,35.8779,25.1908,61.8644,52.1739,22.8814,10.0,20.0,0.0,0.0,10.0,2.5,55.0,21.25,1.25,10.0
15276,FLORESTA,129,False,3338,1282,38.4062,88.12845644,37.876528590655525,38.64589574595566,47.5308324635736,14.23931469849419,16.105684668721626,DUITAMA,Próximo,2,Emergentes con mayor articulación financiera,0.1149034567205426,1.2344604315970846,0.730844450227363,representativa,1,False,-1.555150751020728,-0.2203985619477499,-0.6413154544025482,0.3910632350995427,0.1437936854201098,72.1739,15.6522,91.3043,36.5217,38.2609,74.2857,47.8261,13.3333,25.0,11.1111,3.7037,0.0,9.2593,0.0,70.3704,12.963,0.0,7.4074
15293,GACHANTIVÁ,92,False,2762,622,22.5199,88.1664273,31.327117187156343,33.3091962346126,66.29769212669126,24.00350909728141,31.00629181643333,TUNJA,Intermedio,4,En transición con capacidades medias y baja densidad,0.1558253814393782,1.8755886941358697,0.3494027743993153,intermedia,1,False,-1.1499885805561771,1.7515765952802325,0.0941962093788002,-0.4824689932562292,-0.1945313716783189,62.5,12.5,75.0,47.7273,36.3636,75.0,30.6122,13.1579,33.6207,17.2414,0.0,0.0,1.7241,0.0,56.8966,31.0345,0.0,10.3448
15296,GÁMEZA,144,False,4721,1371,29.0405,123.6816171,38.170587599796185,30.502012285532725,78.8796835261142,16.708257472169922,22.486202938006976,SOGAMOSO,Próximo,2,Emergentes con mayor articulación financiera,0.1968976159042028,1.9469740691713664,1.115581850861456,intermedia,2,False,-1.3267849426633176,-1.117221595918703,-1.486675793821594,2.185280813328629,-0.3724954237744851,66.9421,14.0496,94.2149,21.4876,39.6694,71.5596,53.8462,11.9266,5.902775,30.5556,2.7778,0.0,4.1667,2.7778,54.1667,27.7778,1.3889,9.7222
15299,GARAGOA,994,False,19114,13547,70.8748,193.5124911,98.77398555177815,52.00376687244952,284.1754828005878,14.867399958176616,48.22198979526033,TUNJA,Lejano,3,"Consolidados, densos y con mayores capacidades",0.2850182941521691,1.651203406044348,1.291117959030364,intermedia,1,False,1.1033212753805883,0.6044082294374405,1.6504282014509717,1.0396993270863957,0.990628419505997,48.2688,26.1711,90.7332,50.611,32.1792,51.9168,16.7622,26.9441,26.4608,20.3187,2.7888,0.0,5.1793,1.1952,59.8938,16.2019,4.5153,13.0146
15317,GUACAMAYAS,87,False,1828,651,35.6127,57.6523299,31.70730485950404,47.5929978118162,28.729076710323987,15.716125115056888,86.67905918283408,DUITAMA,Muy lejano,3,"Consolidados, densos y con mayores capacidades",0.0171764011472387,1.747296775789137,0.2260119176403512,intermedia,3,True,0.5894183496141229,0.9096238085772882,-0.4623627302623863,0.3901674970842302,0.7110035893811325,49.3333,21.3333,76.0,26.6667,34.6667,74.6479,51.0638,14.0845,31.363625,18.1818,1.8182,0.0,14.5455,0.0,56.3636,18.1818,0.0,10.9091
15322,GUATEQUE,721,False,11276,8142,72.2065,36.13928526,312.01502516931623,63.94111387016672,236.6957940030036,20.99111333832952,57.3489661299166,TUNJA,Lejano,3,"Consolidados, densos y con mayores capacidades",0.3069233277027768,1.3830482747989348,1.4133228584527169,intermedia,1,False,0.5828763514978079,0.9524334093101742,1.3534219759142754,-0.6894929306605401,1.7474076977888071,53.1944,24.3056,86.5278,45.9722,28.1944,59.5385,13.913,22.4615,29.406299999999998,15.3989,0.0,0.0,4.2672,1.8553,60.1113,19.4805,2.9685,11.3173
15325,GUAYATÁ,110,False,3476,1228,35.328,99.96683861,34.771530722912,31.64556962025317,88.05044421258484,25.33096784021428,66.58498948337201,TUNJA,Muy lejano,4,En transición con capacidades medias y baja densidad,0.1562684457719954,1.4936905082822447,0.3157510167633466,intermedia,1,False,0.7376190593430403,0.6090359177822621,0.8233634231690613,0.3133681010401044,-0.2999985369360403,53.6364,26.3636,94.5455,63.6364,36.3636,56.701,16.6667,20.6186,16.8919,24.3243,0.0,0.0,4.0541,1.3514,50.0,32.4324,4.0541,8.1081
15332,GÜICÁN DE LA SIERRA,190,False,4352,1441,33.1112,952.21787811,4.570382577397122,43.65808823529412,65.32599099496663,15.010567783769906,117.02644178235836,DUITAMA,Muy lejano,5,Tradicionales maduros con rezagos de gestión,0.0592109610549939,1.1113648939812828,0.5618509639681744,representativa,3,True,0.582147767173906,-0.7878099258275917,-0.1607447336207981,-0.4100190421906663,0.4615463163373017,52.5,23.75,94.375,32.5,41.875,78.0,26.4957,22.0,15.650399999999998,17.8862,0.0,0.0,6.5041,0.0,54.4715,26.8293,3.252,8.9431
15362,IZA,123,False,1961,1206,61.4992,34.24778277,57.2591812196898,62.72310045894952,42.48749148485324,21.66623737116432,10.804933831527348,SOGAMOSO,Muy próximo,2,Emergentes con mayor articulación financiera,0.1128957068065138,2.852560362660672,0.6575350937621076,intermedia,1,False,-1.0567128136656867,-0.2303180290772311,0.3723353882620574,3.329634655093645,1.6701905983398253,58.9286,10.7143,95.5357,40.1786,32.1429,69.2308,37.0968,27.4725,21.969699999999996,22.7273,7.5758,0.0,6.0606,1.5152,48.4848,37.8788,1.5152,4.5455
15367,JENESANO,270,False,7369,1924,26.1094,59.00829061,124.88075698893728,36.63997828742027,203.7813970612681,27.65387393964827,15.71444696921614,TUNJA,Próximo,4,En transición con capacidades medias y baja densidad,0.1825017561348914,1.1591446752709875,0.3296015169654545,intermedia,1,False,-0.8448381110318344,-0.428641212976693,0.7336802989684009,-0.0662300917016725,0.0166266719408501,58.296,12.5561,88.7892,39.9103,53.3632,64.4231,26.1194,21.1538,27.533775,20.9459,0.0,0.0,3.3784,0.0,60.1351,22.973,0.0,13.5135
15368,JERICÓ,112,False,4010,1359,33.8903,131.73689117,30.43946129581342,27.930174563591024,89.65863109275142,22.35876087101033,60.29625193870848,DUITAMA,Muy lejano,1,Emergentes vulnerables de baja capacidad,0.096665885908933,1.894985610066719,0.2361749097890864,intermedia,2,False,-1.3197456561994745,-1.9407129883798568,-1.2410370830344268,0.4695489819041437,-0.5355394816747661,67.1429,14.2857,91.4286,30.0,77.1429,60.6557,41.9355,3.2787,4.999974999999999,25.7143,0.0,0.0,0.0,5.7143,74.2857,14.2857,0.0,5.7143
15377,LABRANZAGRANDE,87,False,3727,1314,35.2562,581.27677014,6.411747710307355,23.343171451569628,60.74212322380359,16.297859732708233,35.66902143147474,SOGAMOSO,Intermedio,2,Emergentes con mayor articulación financiera,0.2566053984476842,2.900230713734703,1.5471740951028965,intermedia,2,False,-1.696163587284024,-0.1046354582594182,0.5869302335573015,3.722064231749032,-0.8263368343244284,68.8525,11.4754,93.4426,34.4262,27.8689,60.7843,19.4444,21.5686,15.131575,5.2632,13.1579,0.0,5.2632,2.6316,63.1579,18.4211,0.0,10.5263
15380,LA CAPILLA,119,False,2599,1045,40.2078,56.93116922,45.65161818399766,45.786841092727975,74.12106246994966,28.519069822989483,45.9561156033174,TUNJA,Lejano,3,"Consolidados, densos y con mayores capacidades",-0.1016550892100993,1.2627040880920666,0.0888784675000258,fronteriza,1,False,-0.6893923687997998,0.3058987510935146,0.8167386700775321,-0.2735124579016582,0.5965005948214016,64.7059,19.3277,93.2773,43.6975,26.8908,52.1739,8.4337,8.6957,21.91015,19.1011,0.0,0.0,3.3708,1.1236,62.9213,25.8427,0.0,6.7416
15401,LA VICTORIA,29,True,1140,435,38.1579,28.00521772,40.70670013702004,25.43859649122807,21.11158983000061,18.51893844736896,48.42764435541999,CHIQUINQUIRÁ,Lejano,1,Emergentes vulnerables de baja capacidad,0.4221343427855052,1.372684057736994,1.771681558521352,intermedia,4,False,-0.8608863548011637,-1.094221078089901,-2.285948561640835,-1.6706459435245429,-0.6934954040207191,60.7143,14.2857,92.8571,39.2857,60.7143,90.9091,40.0,0.0,8.33335,6.6667,0.0,0.0,0.0,0.0,46.6667,40.0,0.0,13.3333
15403,LA UVITA,153,False,2876,1333,46.3491,161.56318622,17.801084933319903,53.19888734353268,77.2438663610051,26.858089833451007,70.24248663216896,DUITAMA,Muy lejano,5,Tradicionales maduros con rezagos de gestión,0.1289613564540049,2.8710994184736016,0.6534629863828276,intermedia,3,True,1.9416316472134367,-2.701809419446197,-1.1933087213412217,-1.4647210424797863,1.0663941996027213,44.0299,32.0896,98.5075,16.4179,66.4179,84.8,28.7129,12.0,8.73785,4.8544,0.9709,0.0,5.8252,0.0,58.2524,26.2136,0.0,9.7087
15407,VILLA DE LEYVA,1357,False,18665,9467,50.7206,126.58841268,147.44635472428928,72.70291990356282,762.3258181020179,40.8425297670516,22.312874000220745,TUNJA,Próximo,3,"Consolidados, densos y con mayores capacidades",0.3137787317903942,3.2319574304964536,1.9245221022456744,intermedia,5,False,-0.7472732412994205,2.572033977152696,3.53950452441958,0.8363343571682036,2.3028705864587504,59.3014,14.4267,86.5604,81.0175,21.1086,49.2782,10.3175,47.257,44.07895,24.6316,1.1579,0.0,5.3684,1.7895,44.7368,34.9474,5.0526,8.1053
15425,MACANAL,120,False,5249,1321,25.1667,199.96600556,26.24946167875035,22.86149742808154,81.7229470412683,15.569241196659991,60.57206142859452,TUNJA,Muy lejano,4,En transición con capacidades medias y baja densidad,0.4556122559280026,0.6405237566249401,1.435159325323252,representativa,1,False,-0.2172075629993379,0.1619679944149653,0.8101500417856465,-0.3223217921803191,-0.8568730095677718,60.0,20.8333,90.8333,31.6667,24.1667,56.3636,25.3521,21.8182,20.666675,18.6667,0.0,0.0,2.6667,1.3333,62.6667,24.0,4.0,5.3333
15442,MARIPÍ,142,False,5873,936,15.9373,160.6847894,36.54981919526977,24.178443725523582,130.71870410002657,22.25756923208353,24.587868449683487,CHIQUINQUIRÁ,Intermedio,1,Emergentes vulnerables de baja capacidad,0.2451567257954003,1.11414500671148,0.6558952686687023,intermedia,4,False,0.6429443552598075,-1.200242357749702,-1.655615115196076,0.0381639057161537,-0.7733839672616383,52.2727,24.2424,90.9091,34.8485,63.6364,91.8182,45.5556,13.6364,12.500024999999999,21.875,0.0,0.0,1.0417,0.0,75.0,14.5833,2.0833,7.2917
15455,MIRAFLORES,546,False,9040,5598,61.9248,258.7141808,34.94203515263977,60.39823008849557,212.1106686316344,23.46356953889761,46.42956208491098,TUNJA,Lejano,3,"Consolidados, densos y con mayores capacidades",0.3493738783277462,1.1913859223991847,1.3101668333339405,representativa,1,False,0.5603197362373695,0.6613863454773751,0.6265002398737716,1.0063155945172018,1.5228032666831617,53.1136,23.9927,91.9414,49.4505,26.5568,70.8779,18.2692,23.9829,21.757925,16.4265,3.7464,0.0,6.0519,1.4409,62.536,16.7147,4.3228,8.9337
15464,MONGUA,159,False,4564,2043,44.7634,360.8171592,12.64906583190016,34.83786152497809,116.30920679639569,25.484050568885998,22.049939783337177,SOGAMOSO,Próximo,2,Emergentes con mayor articulación financiera,-0.075420306336841,1.4565446300413,0.1067630079218915,fronteriza,2,False,-0.9491394333163078,-0.820079387024883,-0.585083347401293,-0.144062103338018,-0.0976202057886111,69.5652,20.2899,92.7536,21.7391,35.5072,72.5806,41.3333,17.7419,14.873425000000001,20.2532,0.0,0.0,5.0633,1.2658,63.2911,20.2532,1.2658,8.8608
15466,MONGUÍ,267,False,4313,2374,55.0429,68.85440758,62.639417745172615,61.90586598655228,65.32427932640093,15.14590292752166,6.763585946784144,SOGAMOSO,Muy próximo,3,"Consolidados, densos y con mayores capacidades",0.2229733383425697,1.6581041108574484,0.9945034366299992,intermedia,1,False,-1.4735897113853138,0.2377943158371882,1.2662452870909828,-0.008633044785995,1.6183812545780258,67.6113,12.9555,90.2834,34.8178,26.7206,64.9533,30.4,31.3084,32.2761,18.6567,0.7463,0.0,11.9403,0.7463,54.4776,28.3582,0.7463,3.7313
15469,MONIQUIRÁ,1350,False,23611,12599,53.3607,218.22856043,108.19390437931966,57.17673965524544,494.83097516587486,20.957645807711444,38.16389171283794,CHIQUINQUIRÁ,Lejano,3,"Consolidados, densos y con mayores capacidades",0.3770659628920154,0.4746541636196837,1.899573249957037,representativa,1,False,-0.4115059925117781,1.0209897539529262,1.3234914910493023,0.0604363204918798,1.3185738675096077,60.0617,18.7355,88.8204,54.5104,29.6839,63.8005,12.7108,25.7954,27.555175,16.8409,1.3937,0.0,6.0395,1.1614,61.5563,18.8153,3.7166,8.7108
15476,MOTAVITA,78,False,5346,865,16.1803,60.04483222,89.03347386187433,14.590347923681255,123.33722379986988,23.070935989500537,9.754417806475043,TUNJA,Muy próximo,4,En transición con capacidades medias y baja densidad,0.1699296935925145,1.5603998897269182,0.2598615787161138,intermedia,1,False,-1.2108164254002078,0.4120292349355918,0.3822909476088268,0.3892899867953787,-1.3812302686560995,65.3846,14.1026,92.3077,62.8205,46.1538,60.9375,19.6078,20.3125,11.538475,25.0,0.0,0.0,9.6154,0.0,40.3846,40.3846,1.9231,7.6923
15480,MUZO,402,False,8308,5530,66.5623,137.87412728,60.257861020783096,48.38709677419354,150.6454386104413,18.132575663269293,36.2139591228089,CHIQUINQUIRÁ,Intermedio,3,"Consolidados, densos y con mayores capacidades",0.0742905157724653,1.3367650745818684,0.1422552300421111,intermedia,4,False,0.0182087635575574,0.3197233100469361,0.3206566476534257,1.0197551542582377,0.7613462358458767,54.9223,19.4301,89.8964,51.0363,42.228,70.3593,23.6434,17.6647,24.82205,25.2669,1.4235,0.0,4.6263,1.0676,56.9395,20.6406,3.2028,13.5231
15491,NOBSA,734,False,16840,5702,33.8599,55.49150903,303.46985141268914,43.58669833729216,2184.812574886784,129.73946406691118,13.32892741269168,SOGAMOSO,Muy próximo,4,En transición con capacidades medias y baja densidad,0.1401445082990826,1.1726499040058431,0.1567504725341988,intermedia,1,False,-0.2390608587021227,0.4373525758540628,0.1642764677629937,0.040298699840165,0.4570204869803316,58.8064,19.6507,94.4687,57.6419,34.9345,77.027,35.7702,31.4189,17.82995,19.0355,0.7614,0.0,9.8985,2.0305,61.4213,15.736,3.8071,7.1066
15494,NUEVO COLÓN,169,False,5227,1139,21.7907,51.39679732,101.69894375823338,32.33212167591353,166.56144331070294,31.865590838091247,19.8214763851521,TUNJA,Próximo,4,En transición con capacidades medias y baja densidad,0.2910820259599331,0.8662707344175247,0.8297205542316359,intermedia,1,False,-0.3368146834118624,-0.3900154179477664,-0.2834004533122005,-0.7407741925499985,-0.2564739272145015,57.6923,17.6923,96.1538,59.2308,54.6154,70.4348,35.6322,24.3478,8.620725,14.9425,0.0,0.0,3.4483,0.0,72.4138,13.7931,2.2989,8.046
15500,OICATÁ,55,False,2907,480,16.5119,60.3021762,48.20721544706044,18.91984864121087,54.63052224487129,18.79274931024124,14.941416379919696,TUNJA,Muy próximo,4,En transición con capacidades medias y baja densidad,0.1484952832360454,1.4464240835559117,0.2478412621404919,intermedia,1,False,0.9505597560775386,0.2860457903074446,0.4205981916921461,-0.969910646036355,-1.1067575211550398,47.0588,23.5294,88.2353,50.9804,47.0588,56.0976,19.3548,19.5122,8.870975,12.9032,0.0,0.0,6.4516,3.2258,35.4839,38.7097,3.2258,12.9032
15507,OTANCHE,365,False,8171,3765,46.0776,475.04006749,17.200654343061295,44.670175009178806,128.44055827157354,15.71907456511731,35.95501451371655,PUERTO BOYACÁ,Intermedio,2,Emergentes con mayor articulación financiera,0.0358687424502725,1.0968485870010174,0.5056902746207765,representativa,4,False,-0.9831601171808484,-0.0483248496107039,0.2938414733898657,0.4576861574151957,0.5257085040031623,61.8644,13.8418,90.9605,54.8023,53.3898,66.9014,21.2871,17.2535,19.781549999999996,23.7864,0.4854,0.4854,1.9417,1.4563,62.6214,20.3883,2.4272,10.6796
15511,PACHAVITA,49,False,2330,549,23.5622,66.69016938,34.93768304476302,21.03004291845493,80.7762612184653,34.667923269727595,41.22726185838096,TUNJA,Lejano,5,Tradicionales maduros con rezagos de gestión,0.2421673403789854,1.2776026809675198,1.1331824456513273,intermedia,1,False,1.9697439524808675,0.1108960095443842,-0.31039312237167,0.0096917940536016,-0.9729797812204742,46.9388,34.6939,85.7143,30.6122,36.7347,80.4348,30.303,21.7391,16.891875,21.6216,0.0,0.0,0.0,2.7027,59.4595,21.6216,2.7027,13.5135
15514,PÁEZ,125,False,3359,1499,44.6264,339.06908338,9.906535761137256,37.21345638582912,70.94387408868594,21.12053411392853,62.66278565681163,TUNJA,Muy lejano,4,En transición con capacidades medias y baja densidad,0.1285367974736412,1.6613117930506824,0.1900548167817008,intermedia,1,True,0.1794937555530496,-0.0107534947406401,-0.4666003463780503,-1.758770162849482,0.0529828523809296,54.4,20.8,95.2,48.8,36.0,78.7611,22.0588,15.9292,12.867675,5.8824,0.0,0.0,1.4706,0.0,55.8824,27.9412,1.4706,13.2353
15516,PAIPA,1842,False,37228,23132,62.136,305.10919495,122.01533292400696,49.478886859353175,1061.3263927456262,28.508821122424685,10.573992458818909,DUITAMA,Muy próximo,3,"Consolidados, densos y con mayores capacidades",0.2347699338058235,0.9753778368647824,1.1332194863285554,representativa,1,False,-0.5887347428062284,1.5003450581924498,1.0538256858202448,-0.3442413483546852,0.8305612894789363,61.8289,18.1711,87.0796,59.469,26.1947,71.2919,25.5814,30.9638,29.6875,17.0709,0.3731,0.0933,5.8769,2.6119,62.5933,15.2985,4.4776,9.0485
15518,PAJARITO,100,False,2245,959,42.7171,313.68257428,7.156916526692565,44.54342984409799,47.971218048931306,21.36802585698499,38.08356250519748,SOGAMOSO,Lejano,3,"Consolidados, densos y con mayores capacidades",0.0164751274910806,1.89115514548324,0.3282743604375879,intermedia,2,False,-0.3282522127349971,2.052595007927553,-0.08601830832367,-0.6021215256534342,0.517673375714269,54.7619,15.4762,72.619,29.7619,15.4762,83.8235,36.6667,10.2941,44.852900000000005,16.1765,0.0,0.0,0.0,0.0,45.5882,51.4706,0.0,2.9412
15522,PANQUEBA,95,False,1731,873,50.4333,39.71524863,43.585274163245245,54.88157134604275,36.297619121577725,20.969161826445823,90.85365421750838,DUITAMA,Muy lejano,5,Tradicionales maduros con rezagos de gestión,0.2945517150445212,1.9972132035797605,1.3121679423446706,intermedia,3,True,1.9891202950130804,-1.453588559833071,-0.7582014135589745,-1.4135092918286043,1.173069525807205,39.5349,29.0698,95.3488,20.9302,45.3488,80.0,29.6875,15.0,12.68655,8.9552,0.0,0.0,2.9851,0.0,52.2388,29.8507,1.4925,13.4328
15531,PAUNA,259,False,7321,2308,31.5257,252.62872291,28.9792859484475,35.37768064472067,237.52114828446497,32.44381208639052,23.410432837221045,CHIQUINQUIRÁ,Próximo,2,Emergentes con mayor articulación financiera,0.3144923910513159,0.6598400016003854,1.702989151063029,representativa,4,False,-1.2088117209119054,-0.9351122296358448,-0.103270049632611,1.295779373976506,-0.0633978677833428,65.2893,14.0496,90.9091,40.4959,62.3967,74.7191,23.6111,17.4157,17.927599999999998,25.6579,1.9737,0.0,1.9737,0.0,67.7632,21.7105,1.3158,7.2368
15533,PAYA,26,True,2746,599,21.8135,443.81045728,6.187326041908807,9.46831755280408,35.51241282120587,12.932415448363392,57.47112259026965,SOGAMOSO,Muy lejano,1,Emergentes vulnerables de baja capacidad,0.3300302770414454,1.0452692611052243,1.3019308819484716,representativa,2,False,-0.6059676930374938,-0.5252322774861513,-1.5871881318127272,-0.8145724677669058,-1.7059461748081386,57.1429,14.2857,95.2381,23.8095,23.8095,92.3077,42.8571,15.3846,10.714275,14.2857,0.0,0.0,0.0,0.0,78.5714,7.1429,7.1429,7.1429
15537,PAZ DE RÍO,193,False,4392,2918,66.439,122.69950912,35.794764229289854,43.943533697632056,103.63432091530836,23.596156856855277,36.51613350403872,DUITAMA,Lejano,5,Tradicionales maduros con rezagos de gestión,-0.1011279167275328,1.369660191832337,0.096490276781513,fronteriza,1,False,0.4024828360731998,-0.5797628055216772,0.1415227242422369,-0.1498149530504199,0.4796423984080092,52.6627,21.8935,92.8994,59.7633,68.0473,65.7534,28.125,23.9726,10.858575,20.202,0.0,1.0101,4.0404,5.0505,56.5657,23.2323,1.0101,9.0909
15542,PESCA,215,False,6986,2448,35.0415,263.09258439,26.553390002221334,30.77583738906384,116.74413012680851,16.711155185629618,28.392068685682112,SOGAMOSO,Intermedio,2,Emergentes con mayor articulación financiera,0.028219161249278,1.2672907381527827,0.4813148867808781,intermedia,2,False,-0.8609437697660417,-1.1481714385938946,-1.0101523904057386,0.7446006287494894,-0.3551360252192096,63.871,16.7742,96.129,34.1935,49.0323,71.0145,47.191,17.3913,6.57895,24.2105,1.0526,0.0,1.0526,1.0526,66.3158,24.2105,2.1053,5.2632
15550,PISBA,20,True,1925,638,33.1429,464.95074657,4.140223484317353,10.38961038961039,25.77381517772063,13.38899489751721,49.48223443432414,SOGAMOSO,Lejano,1,Emergentes vulnerables de baja capacidad,0.3500633058514675,1.1764912950757151,1.162894053656078,intermedia,2,False,0.6222946633027882,-1.2742840271364615,-1.837074445093078,-0.6910996836075586,-1.6475399537056834,50.0,22.2222,94.4444,33.3333,55.5556,100.0,40.0,18.1818,5.7692250000000005,15.3846,0.0,0.0,0.0,0.0,53.8462,30.7692,7.6923,7.6923
15572,PUERTO BOYACÁ,2141,False,47733,34467,72.2079,1513.60103672,31.536051338494225,44.85366517922611,3092.381501373193,64.7849810691386,0.0,PUERTO BOYACÁ,Muy próximo,3,"Consolidados, densos y con mayores capacidades",0.2725322492082212,1.225103186223031,0.9445647493815784,intermedia,4,False,-0.0916334317311726,0.9990347177418916,1.2201068555430608,1.3085649811554327,0.5373410349572298,55.9917,19.0599,86.5702,55.5269,36.7252,56.5028,25.9116,26.0734,26.69185,24.2621,2.3758,0.216,6.9114,2.3758,53.5637,17.8546,4.2477,14.8308
15580,QUÍPAMA,135,False,4975,1472,29.5879,167.32685907,29.73222606132076,27.1356783919598,111.64661011785871,22.4415296719314,46.28011935989056,CHIQUINQUIRÁ,Lejano,1,Emergentes vulnerables de baja capacidad,0.3933158453893584,0.6807967887094597,1.4808464016089944,representativa,4,False,-0.2800575865128051,-1.4270399126393685,-1.3229754063559347,-0.4307837571839956,-0.585907309591682,56.391,17.2932,94.7368,32.3308,57.8947,80.6122,39.7727,10.2041,11.235975000000002,13.4831,1.1236,0.0,0.0,0.0,73.0337,17.9775,0.0,8.9888
15599,RAMIRIQUÍ,650,False,10116,4382,43.3175,125.68380229,80.48769861894031,64.25464610517992,190.85045720196405,18.86619782542152,23.29738553100586,TUNJA,Próximo,3,"Consolidados, densos y con mayores capacidades",0.3049829424440679,1.161857891495527,1.4090327556875808,representativa,1,False,-0.8178978126053371,1.0760221977686475,0.5310017415934123,-0.267467471289798,1.767284367083673,58.7992,13.2505,78.4679,47.8261,46.1698,70.7094,40.1361,23.7986,34.29575,19.1549,0.0,0.0,5.9155,0.5634,69.5775,10.9859,3.662,9.2958
15600,RÁQUIRA,464,False,8035,2623,32.6447,220.66637022,36.41243562392069,57.74735532047293,243.88329331506048,30.3526189564481,23.945268863967023,CHIQUINQUIRÁ,Intermedio,3,"Consolidados, densos y con mayores capacidades",0.2823769570416357,1.2786051975762005,1.1591407198699843,intermedia,5,False,0.8168187075303377,0.3025536527926815,0.8324876739939228,0.5931171674938606,1.354748581320834,51.0112,25.1685,88.9888,47.4157,41.1236,64.0,16.9753,20.5333,24.27535,24.6377,0.5797,0.0,26.9565,2.6087,46.6667,16.8116,0.8696,6.087
15621,RONDÓN,72,False,2475,700,28.2828,206.36342971,11.99340408074283,29.09090909090909,45.23871001988968,18.278266674702905,25.31666935042377,TUNJA,Intermedio,1,Emergentes vulnerables de baja capacidad,0.3319167258349974,1.113191130782674,1.236398397982371,representativa,2,False,-0.4947886750934004,-1.06295276827948,-1.41366744228532,-1.5554091727229895,-0.461953630645246,63.8889,20.8333,97.2222,27.7778,37.5,81.25,46.1538,12.5,10.897425,7.6923,0.0,0.0,0.0,0.0,51.2821,23.0769,5.1282,20.5128
15632,SABOYÁ,198,False,14314,1338,9.3475,248.65196067,57.56640712355739,13.832611429369848,316.9475346461877,22.142485304330563,10.624800918387376,CHIQUINQUIRÁ,Muy próximo,4,En transición con capacidades medias y baja densidad,0.3063504586125533,1.1382530870924088,0.787556261615505,intermedia,4,False,0.3413290732134388,0.2226153631883631,0.0688786411704754,-0.2068268124200903,-1.4292676824468853,52.7919,21.3198,89.8477,51.269,45.1777,73.7143,26.3889,25.1429,13.698625,17.1233,0.6849,0.0,4.7945,2.0548,65.7534,15.0685,2.7397,9.589
15638,SÁCHICA,262,False,6130,3019,49.2496,63.92725827,95.89023784047856,42.74061990212072,173.54666995810874,28.31103914487908,19.266616369458987,TUNJA,Próximo,3,"Consolidados, densos y con mayores capacidades",0.0037384077383451,1.808976112184713,0.2977252423044363,intermedia,5,False,-1.6873284678645066,0.6031792371906922,1.2284843316670229,0.1732098055078721,0.4033825532198287,66.805,9.9585,90.0415,54.7718,38.1743,63.8191,20.3008,26.6332,29.195800000000002,23.0769,0.0,0.0,3.4965,2.0979,51.7483,32.1678,1.3986,9.0909
15646,SAMACÁ,1008,False,19212,7947,41.3648,167.58623676,114.6394857443662,52.46720799500312,605.7506886544837,31.529808903522994,16.717450132574278,TUNJA,Próximo,3,"Consolidados, densos y con mayores capacidades",0.3783336126011119,1.0638819704215077,1.765659232494688,representativa,5,False,-0.3090408796306926,2.0300947237227795,1.3273460562745536,0.4654075911386737,1.0200087029408142,58.6528,18.7565,83.4197,67.8756,29.5337,62.9229,18.4122,29.0934,26.578950000000003,25.1128,0.1504,0.1504,6.7669,4.3609,56.9925,18.4962,4.5113,8.7218
15660,SAN EDUARDO,70,False,1685,796,47.2404,109.46960166,15.392400944633165,41.54302670623145,35.97386773812276,21.349476402446744,48.18556809727885,TUNJA,Lejano,5,Tradicionales maduros con rezagos de gestión,0.0609026972171742,2.01472792514529,0.4509107343575205,intermedia,1,False,0.5777959646732261,-1.0685200734299631,-0.4329553193443811,-2.1240311754486325,0.3274600124212073,51.4286,22.8571,94.2857,34.2857,51.4286,81.6667,28.9474,23.3333,11.842125,2.6316,0.0,0.0,0.0,0.0,44.7368,31.5789,0.0,23.6842
15664,SAN JOSÉ DE PARE,112,False,4878,1078,22.0992,74.40355032,65.56138758191453,22.960229602296025,136.30822540414908,27.94346564250699,50.375035002751055,CHIQUINQUIRÁ,Lejano,2,Emergentes con mayor articulación financiera,0.0873899502570094,1.832042453942678,0.705231943458986,intermedia,1,False,-1.2415116063278564,0.9192564363710056,0.6546179937679921,1.67270388728872,-0.850613791036249,66.2651,14.4578,92.7711,62.6506,31.3253,55.2632,22.7273,21.0526,14.673925,28.2609,2.1739,0.0,0.0,4.3478,63.0435,21.7391,2.1739,8.6957
15667,SAN LUIS DE GACENO,263,False,5363,2479,46.2241,469.84549608,11.414390570399018,49.03971657654298,101.66986305236446,18.957647408607954,83.10671354599249,TUNJA,Muy lejano,4,En transición con capacidades medias y baja densidad,0.1281907523910398,1.5890946679766564,0.1658108505360291,intermedia,1,True,0.1694339408012438,0.2323938989562537,-0.2953493096159879,-0.9143084700477389,0.8027196786309049,53.8168,20.229,90.458,45.4198,37.4046,76.6949,26.875,15.2542,19.64285,8.9286,1.1905,0.0,2.9762,1.1905,54.7619,26.1905,2.9762,11.9048
15673,SAN MATEO,162,False,3405,1317,38.6784,123.87947183,27.48639423223153,47.57709251101322,83.60171295332547,24.552632291725544,80.27007406330299,DUITAMA,Muy lejano,5,Tradicionales maduros con rezagos de gestión,0.2714031857218905,0.88229604974121,1.3224043471616476,representativa,3,True,1.1521560676505174,-0.6511557105148912,-0.5174370339428734,-0.4994198763324219,0.7099952579600178,49.6689,27.8146,89.404,19.2053,36.4238,80.7143,32.381,16.4286,19.79165,10.8333,1.6667,0.0,7.5,0.8333,61.6667,21.6667,0.8333,7.5
15676,SAN MIGUEL DE SEMA,72,False,3074,492,16.0052,93.99806905,32.7027994411764,23.42225113858165,66.06823156454604,21.4925932220384,11.850020714215752,CHIQUINQUIRÁ,Muy próximo,5,Tradicionales maduros con rezagos de gestión,0.1033420840034896,3.2290988710959647,0.4718948907533478,intermedia,5,False,2.322028927694764,1.0819843660687187,-0.380796015961502,2.139928364690648,-0.8213235036006726,40.2778,33.3333,86.1111,69.4444,50.0,70.0,42.3729,25.0,9.426224999999999,34.4262,1.6393,0.0,4.918,4.918,63.9344,11.4754,0.0,14.7541
15681,SAN PABLO DE BORBUR,205,False,6736,909,13.4947,195.90435675,34.38412555875943,30.43349168646081,111.19794754365182,16.50800883961577,34.818496086562746,CHIQUINQUIRÁ,Intermedio,2,Emergentes con mayor articulación financiera,-0.0859726957916991,1.0189185503143825,0.2219366643855427,fronteriza,4,False,-0.7800682198954608,-0.6783562845486512,-0.0054223177022654,0.2230800455226757,-0.3768393512420427,61.4213,15.736,92.3858,45.6853,57.3604,74.359,15.6522,16.6667,15.677975,20.339,0.8475,0.0,1.6949,0.0,64.4068,23.7288,0.8475,9.322
15686,SANTANA,408,False,7745,2756,35.5842,67.96382351,113.95768513318596,52.6791478373144,152.35659748020043,19.67160716335706,50.295821162181205,DUITAMA,Lejano,3,"Consolidados, densos y con mayores capacidades",0.2149484707944407,0.6578524963140862,1.146738866949358,representativa,1,False,-0.4008391649923578,0.8015925557774256,0.6299204522796235,-0.0349264993212978,1.0334448274778971,58.7719,17.8363,84.5029,49.4152,40.6433,67.0251,23.0047,19.3548,27.346925,21.2245,0.0,0.0,4.0816,0.4082,61.6327,21.2245,2.449,10.2041
15690,SANTA MARÍA,129,False,3630,2192,60.3857,309.65967338,11.722546757147263,35.53719008264463,1302.4651147286363,358.8058167296519,78.54713883530883,TUNJA,Muy lejano,4,En transición con capacidades medias y baja densidad,0.2037912450892282,1.7577171583695554,0.5175908773209172,intermedia,1,False,0.3413588515132593,-0.2122958282255833,0.8640082051466257,-1.903119499285476,-0.0532856177721406,54.2636,22.4806,94.5736,40.3101,34.1085,55.6522,18.8235,20.0,19.252875000000003,4.5977,0.0,0.0,0.0,0.0,51.7241,36.7816,1.1494,10.3448
15693,SANTA ROSA DE VITERBO,481,False,13415,8317,61.9978,116.70609241,114.94686972186322,35.85538576220648,179.11457625989368,13.35181336264582,8.340261532020108,DUITAMA,Muy próximo,4,En transición con capacidades medias y baja densidad,0.3408830119378898,0.8525095550738422,0.8709246781625746,representativa,1,False,-0.7007597038708674,0.6647206380658909,0.3147834480039589,-0.3835408531036853,-0.0331133050482517,61.7312,16.8565,92.4829,53.5308,29.385,73.8693,36.3636,30.6533,20.251925,16.6667,0.3876,0.0,5.4264,1.5504,60.4651,16.6667,5.0388,10.8527
15696,SANTA SOFÍA,187,False,3305,1133,34.2814,77.56281644,42.61062390065009,56.58093797276853,115.35953427647766,34.90454894900988,25.29428284208675,CHIQUINQUIRÁ,Intermedio,3,"Consolidados, densos y con mayores capacidades",0.2744105427472355,2.480112855610817,1.4355768850125283,intermedia,5,False,-1.2938578753078311,3.2259611977448976,0.8826466980733634,0.5596118353271514,1.2808024625776084,66.4865,14.0541,60.5405,41.0811,24.8649,77.6471,31.3131,17.6471,51.84565,21.4765,1.3423,0.0,0.0,0.0,67.7852,23.4899,2.6846,6.0403
15720,SATIVANORTE,56,True,2104,693,32.9373,161.31016458,13.043195420934213,26.61596958174905,43.35052495141724,20.603861668924544,45.91429858791366,DUITAMA,Lejano,5,Tradicionales maduros con rezagos de gestión,0.068946354564434,0.7265464621246426,0.711521584307118,representativa,3,False,0.9571014732590856,-0.3256765495003344,-0.2914361899838292,-0.5470424840710231,-0.6188547357143979,46.8085,23.4043,80.8511,40.4255,70.2128,62.7907,28.5714,11.6279,12.499975000000001,16.6667,0.0,4.1667,4.1667,4.1667,79.1667,4.1667,0.0,4.1667
15723,SATIVASUR,21,True,1041,313,30.0672,54.88468107,18.96704107057317,20.172910662824208,47.84486607592923,45.96048614402424,43.7465417433731,DUITAMA,Lejano,5,Tradicionales maduros con rezagos de gestión,0.0629680568434702,1.8796451591128656,0.5003015566106235,intermedia,3,False,1.90290459947128,-1.2616746659074929,-1.54646619072028,0.3892899867953787,-1.0273184822679666,41.1765,29.4118,94.1176,58.8235,82.3529,75.0,50.0,12.5,4.166675,25.0,0.0,0.0,0.0,0.0,75.0,8.3333,0.0,16.6667
15740,SIACHOQUE,215,False,6885,1287,18.6928,119.22296694,57.74894029826431,31.22730573710966,271.7201585444666,39.46552774792544,17.976345433704463,TUNJA,Próximo,2,Emergentes con mayor articulación financiera,-0.022254345447353,1.629186434506512,0.3064289752375451,fronteriza,1,False,-1.8090617092817027,0.1221870216961513,0.8608558064142241,0.5163845930795988,-0.3265147670228127,71.3615,12.2066,87.3239,42.2535,44.6009,68.1818,17.6471,23.8636,25.187975,23.3083,0.7519,0.0,3.7594,3.0075,56.391,29.3233,0.7519,6.7669
15753,SOATÁ,711,False,9258,6746,72.8667,123.09543773,75.20993605227419,76.79844458846404,158.4351125193699,17.113319563552594,63.21182744948448,DUITAMA,Muy lejano,3,"Consolidados, densos y con mayores capacidades",0.2080752625934423,2.30912202864407,1.014429311049981,intermedia,3,True,0.0344587436294718,-0.1058474848561022,1.18749298904579,-1.1464147530376414,2.562510204526457,57.9109,21.9662,84.0246,30.8756,46.851,72.6979,11.7647,28.433,28.274425,9.7713,0.4158,0.0,4.7817,1.4553,58.0042,25.1559,2.079,8.5239
15755,SOCOTÁ,172,False,7428,1650,22.2132,603.58638782,12.30644055249165,23.155627355950458,273.985285214085,36.8854718920416,46.82601000988271,SOGAMOSO,Lejano,1,Emergentes vulnerables de baja capacidad,0.0998389464612021,1.0777007699876044,0.4766910333992271,representativa,2,False,-0.4948493002197626,-1.0223983736412163,-0.6802620770099074,-0.5227277052084488,-0.8382263676818837,58.156,16.3121,92.9078,53.1915,73.0496,74.6154,35.6164,18.4615,9.415575,16.8831,0.0,1.2987,6.4935,1.2987,62.3377,20.7792,1.2987,6.4935
15757,SOCHA,381,False,8344,4599,55.1174,150.1520035,55.5703540778928,45.66155321188879,208.11717017622948,24.942134489001614,39.59450634645857,SOGAMOSO,Lejano,2,Emergentes con mayor articulación financiera,-0.029493851491931,1.4189985617369,0.2343264188060443,fronteriza,1,False,-0.3723862399593179,-0.8335413173346987,0.4070014183923646,0.2085920784460635,0.5885578524300482,61.9355,20.6452,93.871,55.4839,68.0645,55.7692,39.3939,24.6154,15.497074999999999,23.3918,0.0,0.0,4.6784,1.7544,60.2339,20.4678,3.5088,9.3567
15759,SOGAMOSO,9463,False,135514,120294,88.7687,207.6546033,652.5932863824936,69.83042342488599,4162.548154367742,30.716738893160432,0.0,SOGAMOSO,Muy próximo,3,"Consolidados, densos y con mayores capacidades",0.4006437055963138,1.4984052990254226,1.754643263226765,intermedia,1,False,0.1798503792719869,1.1303854255906358,1.3868409358731784,1.3788677052404972,2.120765985459997,55.6391,21.781,89.6029,61.055,31.6494,65.0114,26.7341,38.3087,24.16995,20.8283,3.4571,0.0685,6.4693,2.9437,54.9375,16.2074,6.8971,12.4765
15761,SOMONDOCO,74,False,2967,735,24.7725,58.79505012,50.46343176754485,24.94101786316144,76.48805639468983,25.77959433592512,61.13795485739176,TUNJA,Muy lejano,4,En transición con capacidades medias y baja densidad,0.3801903317401761,1.3035309879241352,1.2049719592341823,intermedia,1,False,-0.0366782735876971,0.5279008042078563,0.7415129730074997,-1.6025555738816593,-0.7250398665473778,56.7568,20.2703,86.4865,33.7838,27.027,62.8571,14.8936,15.7143,25.45455,7.2727,0.0,0.0,3.6364,0.0,50.9091,32.7273,1.8182,10.9091
15762,SORA,56,True,3154,579,18.3576,47.84502378,65.92117112330548,17.755231452124285,66.4838678471936,21.079222526060114,10.027710776818347,TUNJA,Muy próximo,2,Emergentes con mayor articulación financiera,-0.0346133325762861,2.5605701685393734,0.2133889213663899,fronteriza,1,False,-2.2233906994389705,1.3522080382451604,-0.4343941889088109,0.7404160678746036,-1.180589517158946,70.9091,7.2727,80.0,47.2727,34.5455,74.5098,44.8276,25.4902,13.28125,28.125,0.0,0.0,0.0,0.0,75.0,21.875,0.0,3.125
15763,SOTAQUIRÁ,154,False,8139,1053,12.9377,292.06818842,27.866780165376834,18.921243395994598,162.0780702411568,19.913757247961275,23.90548014700753,TUNJA,Intermedio,4,En transición con capacidades medias y baja densidad,0.1930148792087446,1.1958693955793869,0.25026185452162,intermedia,1,False,-0.3150384994345873,-0.5223702632115298,-0.039801892801205,0.2663413556872283,-1.1066690993709687,57.5342,17.8082,89.726,39.726,53.4247,70.6897,20.2247,16.3793,14.835150000000002,19.7802,1.0989,1.0989,7.6923,4.3956,47.2527,34.0659,1.0989,4.3956
15764,SORACÁ,256,False,6143,1689,27.4947,55.75775306,110.1730192281891,41.673449454663846,167.34678215386236,27.241865888631345,7.038985330234997,TUNJA,Muy próximo,3,"Consolidados, densos y con mayores capacidades",0.1335944793245606,1.662751076472652,0.4307856864767783,intermedia,1,False,-1.2390827653920455,1.1343872158170345,1.1704426770613685,1.187714958698044,0.3357282845464294,65.2344,13.6719,78.125,49.2188,46.875,64.1509,16.5517,19.8113,34.016375000000004,30.0546,0.5464,0.0,4.918,1.6393,57.9235,27.8689,1.6393,6.0109
15774,SUSACÓN,79,False,2771,677,24.4316,182.70313719,15.166679908283845,28.509563334536267,49.54996906367916,17.88162001576296,53.02848825711689,DUITAMA,Lejano,5,Tradicionales maduros con rezagos de gestión,0.1248716357502894,0.9301689790555072,0.8113937265188332,representativa,3,False,1.1587458050261206,-0.6027211444760129,-0.0111950204173492,-1.0713945104941969,-0.4988085886208106,43.8356,23.2877,87.6712,32.8767,53.4247,78.8732,21.7391,22.5352,16.5,12.0,0.0,0.0,6.0,0.0,66.0,20.0,4.0,4.0
15776,SUTAMARCHÁN,267,False,6285,2353,37.4383,103.50533617,60.721507050393456,42.482100238663485,295.1460408112618,46.96038835501381,19.821924038729914,CHIQUINQUIRÁ,Próximo,3,"Consolidados, densos y con mayores capacidades",0.2008778407286233,1.1664811600645046,0.926755301837072,representativa,5,False,0.5657684813812723,1.047077351417325,0.9918962971136536,0.7352250198919283,0.386993457353679,48.4615,20.3846,88.0769,62.6923,39.2308,64.6018,18.4211,25.2212,24.13795,28.0788,0.0,0.0,7.3892,0.4926,55.1724,19.7044,2.9557,14.2857
15778,SUTATENZA,57,False,4239,835,19.698,41.1270106,103.0709487063959,13.446567586694975,96.88222272194405,22.854971154032565,55.00924880210355,TUNJA,Lejano,5,Tradicionales maduros con rezagos de gestión,0.1001388389587028,2.134997011240643,0.5011061576186511,intermedia,1,False,1.431138606742147,0.9307760817381464,-1.3874715566473226,-0.7182536682806036,-1.453741292931768,43.8596,26.3158,75.4386,26.3158,35.0877,78.7234,54.2857,12.766,14.473675,5.2632,2.6316,0.0,7.8947,2.6316,55.2632,26.3158,2.6316,5.2632
15790,TASCO,140,False,6002,1807,30.1066,209.69811162,28.622098471141207,23.32555814728424,147.00328111663634,24.49238272519766,29.70033247289632,SOGAMOSO,Intermedio,1,Emergentes vulnerables de baja capacidad,0.3874937544278917,1.117698758080707,1.4896687585753177,intermedia,2,False,-1.0150785258316135,-1.4811228886763286,-1.4606072719423508,-1.1939684118859812,-0.827453446223858,61.6667,13.3333,93.3333,45.8333,76.6667,72.5664,53.7037,10.6195,9.090875,10.9091,0.0,0.0,1.8182,1.8182,70.9091,20.0,1.8182,3.6364
15798,TENZA,149,False,3679,1168,31.7478,45.86408252,80.21527517520262,40.50013590649633,107.2762692537638,29.15908378737804,49.97970606357373,TUNJA,Lejano,3,"Consolidados, densos y con mayores capacidades",-0.0751606720622829,1.4000283214310665,0.1183312962715457,fronteriza,1,False,0.4513648938775727,1.038851474535924,0.8543558537530833,-0.5304693330440835,0.2613449747246192,55.7047,24.8322,77.1812,35.5705,37.5839,67.9389,22.9885,16.7939,37.3894,16.8142,0.0,0.0,1.7699,3.5398,66.3717,19.469,1.7699,7.0796
15804,TIBANÁ,321,False,9116,1940,21.2813,121.83265481,74.82394612689471,35.212812637121544,485.7427466990245,53.28463654004218,24.227482718195663,TUNJA,Intermedio,4,En transición con capacidades medias y baja densidad,0.3844601144411926,0.5773567384514362,1.0201103070997517,representativa,1,False,-0.2530781970651591,0.1941905971588269,0.252213757988411,-0.1523131330412385,-0.0738498293311348,56.2016,17.4419,79.4574,32.5581,51.5504,73.3607,27.9221,17.2131,29.314725,18.2741,0.5076,0.0,3.0457,1.0152,72.5888,16.2437,1.0152,6.0914
15806,TIBASOSA,313,False,13521,4701,34.7681,93.76055211,144.2077685734737,23.149175356852304,1184.1103325134238,87.57564769716913,16.36786390357301,DUITAMA,Próximo,4,En transición con capacidades medias y baja densidad,0.4851130855848515,0.8614881550782927,1.6485739205097276,representativa,1,False,-0.7364160884317895,0.5965624308246655,0.4117281775353928,-0.9483374596148472,-0.8386353981994615,63.0363,17.4917,96.0396,58.7459,28.0528,72.549,34.3373,33.3333,16.815475,13.0952,0.0,0.5952,8.3333,2.381,56.5476,22.619,1.7857,7.7381
15808,TINJACÁ,107,False,3516,878,24.9716,79.75140175,44.08699938618948,30.43230944254835,66.38352080412417,18.88040978501825,15.030345299762114,CHIQUINQUIRÁ,Próximo,3,"Consolidados, densos y con mayores capacidades",-0.0192678313665553,1.9547486902934603,0.1861663837727383,fronteriza,5,False,0.8737431895830793,1.2740516661707355,0.8968260762136439,0.7707645973144431,-0.3769143007006618,50.0,25.0,86.5385,58.6538,32.6923,65.9091,16.0494,29.5455,15.740725,28.3951,0.0,1.2346,6.1728,1.2346,45.679,19.7531,7.4074,18.5185
15810,TIPACOQUE,117,False,3225,980,30.3876,71.94767121,44.82424442324073,36.279069767441854,50.198648299895495,15.565472341052867,71.87072153884743,DUITAMA,Muy lejano,5,Tradicionales maduros con rezagos de gestión,0.2481674782688266,1.3345040330619142,1.2262203188545862,intermedia,3,False,1.4201915344751035,-1.6153935699249584,-0.0343477158057987,-0.0162587387067223,-0.0062534612518612,43.5185,25.9259,93.5185,26.8519,60.1852,75.9615,21.519,21.1538,14.75905,16.8675,1.2048,0.0,6.0241,0.0,66.2651,22.8916,0.0,4.8193
15814,TOCA,431,False,8948,4515,50.4582,168.25186282,53.18217492529513,48.167188198480105,253.17033905450523,28.293511293529864,25.013861501698077,TUNJA,Intermedio,2,Emergentes con mayor articulación financiera,0.0758604022475587,1.243239085410112,0.4135863309442888,intermedia,1,False,-1.049528899956507,-0.0780560119234764,0.4098726201458659,0.5267324519759762,0.7474049260013662,64.3541,15.0718,93.3014,48.3254,41.866,61.5169,12.549,15.1685,14.473675,24.812,0.3759,0.0,3.0075,0.0,56.7669,30.8271,1.8797,7.5188
15816,TOGÜÍ,114,False,4442,728,16.389,101.44312439,43.78808348728148,25.664115263394866,102.08506497802192,22.981779598834294,46.50836908842636,TUNJA,Lejano,4,En transición con capacidades medias y baja densidad,0.2784335269238505,1.3842604088646135,0.7150069700018129,intermedia,1,False,-0.7614733920857346,0.8983452853788226,1.3098515991600252,-0.3248611359986837,-0.6791984305246607,62.1359,16.5049,86.4078,61.165,45.6311,66.6667,7.8431,23.6559,29.2373,18.6441,0.0,0.0,3.3898,1.6949,59.322,30.5085,0.0,5.0847
15820,TÓPAGA,143,False,3721,1156,31.0669,33.62952819,110.64680952337795,38.430529427573234,113.7226584376356,30.562391410275627,12.145922459161335,SOGAMOSO,Muy próximo,2,Emergentes con mayor articulación financiera,-0.0102598640796403,0.8691682671516958,0.4947519280421582,fronteriza,1,False,-0.2395812904691058,-0.2909018333443518,-0.0144581418221189,0.5797539821063884,0.1301403362276093,60.4839,20.9677,90.3226,26.6129,32.2581,66.3717,30.0,23.0088,9.7973,21.6216,1.3514,0.0,9.4595,1.3514,59.4595,24.3243,1.3514,4.0541
15822,TOTA,88,False,5172,977,18.8902,196.04606108,26.38155529117964,17.014694508894046,89.60104921001667,17.324255454372906,23.83754953468076,SOGAMOSO,Intermedio,1,Emergentes vulnerables de baja capacidad,0.1418019827146103,1.649128385856726,0.2907347641840698,intermedia,2,False,-1.0618295576243657,-0.1694386801908088,-1.4670117465748005,0.4573367298950012,-1.2275365493216794,67.1053,17.1053,90.7895,27.6316,28.9474,79.0323,62.5,14.5161,16.071425,16.6667,2.381,0.0,4.7619,2.381,71.4286,11.9048,0.0,9.5238
15832,TUNUNGUÁ,35,True,1563,302,19.3218,29.22130806,53.48836529804546,22.392834293026237,113.23370013679312,72.44638524426944,18.84334933021526,CHIQUINQUIRÁ,Próximo,1,Emergentes vulnerables de baja capacidad,0.1129652528109015,1.6495268161908363,0.2714975083708835,intermedia,4,False,0.0481246274384028,-0.0095431147895855,-1.4682143831178036,0.6446513450253801,-0.8865843473694406,60.6061,24.2424,84.8485,51.5152,63.6364,95.4545,35.0,13.6364,13.636349999999998,27.2727,0.0,0.0,0.0,0.0,59.0909,27.2727,0.0,13.6364
15835,TURMEQUÉ,296,False,5824,2099,36.0405,79.70660429,73.06797287223888,50.82417582417583,187.576175212019,32.207447666898865,27.75391204145003,TUNJA,Intermedio,5,Tradicionales maduros con rezagos de gestión,0.3336946950923879,1.137238449528846,1.586681460412522,representativa,1,False,1.6739754143142724,-0.4351813809740432,-0.7667873195155096,-0.7641406255716772,0.91584714169342,43.318,28.5714,90.7834,51.1521,60.3687,71.2871,48.4663,16.8317,14.88095,12.5,0.5952,0.0,5.3571,1.1905,66.6667,13.6905,1.7857,11.3095
15837,TUTA,294,False,8283,2551,30.798,165.55011074,50.0331891230724,35.49438609199566,1081.7941889780868,130.60415175396437,27.464770394637277,TUNJA,Intermedio,2,Emergentes con mayor articulación financiera,0.1620137111829513,1.238498129066093,0.9528975365576982,intermedia,1,False,-1.064933376151979,-0.6321723439621354,1.0962076873563975,1.1504882741148137,-0.0559992167952022,63.6364,14.3357,94.0559,41.6084,47.9021,62.1145,18.9349,34.3612,13.382375,22.9412,2.3529,0.0,4.1176,1.7647,50.0,26.4706,4.1176,13.5294
15839,TUTAZÁ,45,True,2041,200,9.7991,122.00950203,16.728205312223583,22.048015678588925,53.93029579502678,26.423466827548644,31.20696550766869,DUITAMA,Intermedio,5,Tradicionales maduros con rezagos de gestión,0.0919943726127137,1.130646501569592,0.6512789323602963,representativa,3,False,1.072357757670902,-0.36093516332996,-0.4322259469741362,-1.17127162200502,-0.9084444459509972,51.2821,28.2051,79.4872,20.5128,53.8462,74.2857,40.0,17.1429,20.370350000000002,11.1111,0.0,0.0,3.7037,3.7037,55.5556,22.2222,3.7037,11.1111
15842,ÚMBITA,160,False,7694,1235,16.0515,146.08534989,52.66784113392248,20.79542500649857,153.1542249718541,19.905669998941267,34.80294053970021,TUNJA,Intermedio,4,En transición con capacidades medias y baja densidad,0.1818773749029128,1.6894337696852493,0.3389951840463279,intermedia,1,False,0.2411348335502399,-1.315238686977034,0.527699096975045,-0.029072525297545,-0.9878536031941934,55.1181,22.0472,92.9134,26.7717,53.5433,66.6667,24.4444,28.2051,14.095749999999997,21.2766,0.0,0.0,12.766,0.0,60.6383,11.7021,3.1915,11.7021
15861,VENTAQUEMADA,513,False,16803,2917,17.36,160.01150457,105.01119932066644,30.53026245313337,405.2712220441428,24.11898006571105,21.81838530380015,TUNJA,Próximo,4,En transición con capacidades medias y baja densidad,0.2820052911705718,0.8225360883679389,0.5742435172769567,representativa,1,False,0.174077112590214,-0.4945326262721705,0.0996907455618614,-0.380749172071902,-0.370704477976204,49.6144,16.9666,97.1722,56.2982,51.928,56.9832,31.3725,18.7151,10.4247,18.1467,0.0,0.0,9.2664,1.1583,63.3205,18.9189,1.1583,6.1776
15879,VIRACACHÁ,67,False,2887,484,16.7648,62.58114463,46.13210603719186,23.207481815032907,59.17587711083126,20.497359581167736,15.101043549531465,TUNJA,Próximo,5,Tradicionales maduros con rezagos de gestión,0.0492428535884841,1.5275166286147854,0.4227804937953094,intermedia,2,False,1.2018145578505024,-0.0197988436268817,-1.5523124073499497,0.2512372341336659,-0.8349390057473043,50.7692,29.2308,84.6154,32.3077,44.6154,85.7143,38.4615,8.9286,10.625,5.0,5.0,0.0,2.5,0.0,45.0,37.5,2.5,12.5
15897,ZETAQUIRA,154,False,4742,1319,27.8153,251.50506501,18.854491060891576,32.47574862927035,91.7748837418037,19.353623732982644,34.82432673802825,TUNJA,Intermedio,4,En transición con capacidades medias y baja densidad,0.3837573664873897,0.6055784440874012,1.0010604245698211,representativa,1,False,-0.0001252367752387,0.1618045520299254,0.120079246486682,-0.0615334292411569,-0.2473685621678022,57.2368,21.0526,94.0789,55.9211,41.4474,68.8525,17.7215,15.5738,16.66665,20.9877,0.0,0.0,2.4691,2.4691,50.6173,28.3951,6.1728,9.8765
